{"inputUnits":[42],"outputUnits":3,"inputs":{"0":{"dtype":"number","min":-47.753265017554895,"max":-3.5080768948509444},"1":{"dtype":"number","min":47.469906125749844,"max":105.13585090637207},"2":{"dtype":"number","min":-10.415656680152551,"max":25.790362131027962},"3":{"dtype":"number","min":44.43728174482072,"max":98.24689047677174},"4":{"dtype":"number","min":14.650964282807877,"max":53.351073038010384},"5":{"dtype":"number","min":24.8827757154192,"max":86.07774598257885},"6":{"dtype":"number","min":6.051876431419743,"max":81.7634914034889},"7":{"dtype":"number","min":0.5760111127580672,"max":82.39963054656982},"8":{"dtype":"number","min":-14.948546999976742,"max":110.58166004362562},"9":{"dtype":"number","min":-19.601496287754628,"max":89.7455644607544},"10":{"dtype":"number","min":15.737708863757916,"max":29.412461235409694},"11":{"dtype":"number","min":-30.662697383335683,"max":26.17228644234791},"12":{"dtype":"number","min":31.455373309907458,"max":49.033677237374434},"13":{"dtype":"number","min":-37.09755897521973,"max":-8.305386134556386},"14":{"dtype":"number","min":32.69121487935385,"max":61.3928004673549},"15":{"dtype":"number","min":-63.258382252284434,"max":-1.7634350912911714},"16":{"dtype":"number","min":23.970232464018295,"max":69.56769670758928},"17":{"dtype":"number","min":-85.49751417977467,"max":6.59338406154086},"18":{"dtype":"number","min":-5.9912581670852205,"max":3.183957054501491},"19":{"dtype":"number","min":-39.95906421116422,"max":15.550567081996348},"20":{"dtype":"number","min":-3.4160473233177413,"max":17.269054594494037},"21":{"dtype":"number","min":-48.76176834106445,"max":-17.128538404192227},"22":{"dtype":"number","min":-7.870354879470085,"max":18.46531095958892},"23":{"dtype":"number","min":-77.9085922241211,"max":11.917140143258223},"24":{"dtype":"number","min":-13.125710714431023,"max":23.18748655773345},"25":{"dtype":"number","min":-102.66677992684498,"max":13.318046842302579},"26":{"dtype":"number","min":-29.252930595761256,"max":-20.961521693638417},"27":{"dtype":"number","min":-37.90911265781949,"max":16.178699220929843},"28":{"dtype":"number","min":-32.16005824861071,"max":-6.830682300386002},"29":{"dtype":"number","min":-27.958423069545177,"max":-5.81300190516879},"30":{"dtype":"number","min":-38.8201382046654,"max":-7.301474071684311},"31":{"dtype":"number","min":-52.36346244812012,"max":21.32796287536621},"32":{"dtype":"number","min":-44.38584827241442,"max":-4.494266055879137},"33":{"dtype":"number","min":-74.10214424133301,"max":41.7849063873291},"34":{"dtype":"number","min":-53.946455092657175,"max":-39.76877712068102},"35":{"dtype":"number","min":-29.60645266941617,"max":31.38320990971158},"36":{"dtype":"number","min":-59.84863099597749,"max":-29.434537433442642},"37":{"dtype":"number","min":-14.03368132455006,"max":11.015911102294922},"38":{"dtype":"number","min":-65.49246742611842,"max":-22.25836799258275},"39":{"dtype":"number","min":-33.80503790719166,"max":30.742333957127187},"40":{"dtype":"number","min":-71.99839637393043,"max":-19.931888126191637},"41":{"dtype":"number","min":-52.36066000802174,"max":48.66936070578441}},"outputs":{"0":{"dtype":"string","min":0,"max":1,"uniqueValues":["Rock","Paper","Scissors"],"legend":{"Rock":[1,0,0],"Paper":[0,1,0],"Scissors":[0,0,1]}}},"isNormalized":true}